ts, pressure, pressureSetPoint, chamberState, valve1, valve2, valve3, valve4, boardTemp, chamberTemp, thermTemp, thermSetPoint, LEDBrightness, LEDDutyCycle
2017-06-29T17:54:06.883Z,0.87,-100,run,0,0,0,255,30.94,24.67,-1.7,-1,1144.34,0
2017-06-29T17:54:07.868Z,0.87,-100,run,0,0,0,255,30.94,24.67,-1.7,-1,1144.34,0
2017-06-29T17:54:08.882Z,0.87,-100,run,0,0,0,255,30.94,24.67,-1.7,-1,1144.34,0
2017-06-29T17:54:09.879Z,0.87,-100,run,0,0,0,255,30.94,24.67,-1.7,-1,1144.34,0
2017-06-29T17:54:10.888Z,0.87,-100,run,0,0,0,255,30.94,24.67,-1.7,-1,1144.34,0
2017-06-29T17:54:11.894Z,0.87,-100,run,0,0,0,255,30.94,24.67,-1.7,-1,1144.34,0
2017-06-29T17:54:12.894Z,0.87,-100,run,0,0,0,255,30.94,24.67,-1.7,-1,1144.34,0
2017-06-29T17:54:13.897Z,0.87,-100,run,0,0,0,255,30.94,24.67,-1.7,-1,1144.34,0
2017-06-29T17:54:14.900Z,0.87,-100,run,0,0,0,255,30.94,24.67,-1.7,-1,1144.34,0
2017-06-29T17:54:15.905Z,0.87,-100,run,0,0,0,255,30.94,24.67,-1.7,-1,1144.34,0
2017-06-29T17:54:16.914Z,0.87,-100,run,0,0,0,255,30.94,24.67,-1.7,-1,1144.34,0
2017-06-29T17:54:17.917Z,0.87,-100,run,0,0,0,255,30.94,24.67,-1.7,-1,1144.34,0
2017-06-29T17:54:18.924Z,0.87,-100,run,0,0,0,255,30.94,24.67,-1.7,-1,1144.34,0
2017-06-29T17:54:19.924Z,0.87,-100,run,0,0,0,255,30.94,24.67,-1.7,-1,1144.34,0
2017-06-29T17:54:20.927Z,0.87,-100,run,0,0,0,255,30.94,24.67,-1.7,-1,1144.34,0
2017-06-29T17:54:21.933Z,0.87,-100,run,0,0,0,255,30.94,24.67,-1.7,-1,1144.34,0
2017-06-29T17:54:22.939Z,0.87,-100,run,0,0,0,255,30.94,24.67,-1.7,-1,1144.34,0
2017-06-29T17:54:23.944Z,0.87,-100,run,0,0,0,255,30.94,24.67,-1.7,-1,1144.34,0
2017-06-29T17:54:24.948Z,0.87,-100,run,0,0,0,255,30.94,24.67,-1.7,-1,1144.34,0
2017-06-29T17:54:25.953Z,0.87,-100,run,0,0,0,255,30.94,24.67,-1.7,-1,1144.34,0
2017-06-29T17:54:26.956Z,0.87,-100,run,0,0,0,255,30.94,24.67,-1.7,-1,1144.34,0
2017-06-29T17:54:27.961Z,0.87,-100,run,0,0,0,255,30.94,24.67,-1.7,-1,1144.34,0
2017-06-29T17:54:28.965Z,0.87,-100,run,0,0,0,255,30.94,24.67,-1.7,-1,1144.34,0
2017-06-29T17:54:29.966Z,0.87,-100,run,0,0,0,255,30.94,24.67,-1.7,-1,1144.34,0
2017-06-29T17:54:30.970Z,0.87,-100,run,0,0,0,255,30.94,24.67,-1.7,-1,1144.34,0
2017-06-29T17:54:31.973Z,0.87,-100,run,0,0,0,255,30.94,24.67,-1.7,-1,1144.34,0
2017-06-29T17:54:32.976Z,0.87,-100,run,0,0,0,255,30.94,24.67,-1.7,-1,1144.34,0
2017-06-29T17:54:33.982Z,0.87,-100,run,0,0,0,255,30.94,24.67,-1.7,-1,1144.34,0
2017-06-29T17:54:34.983Z,0.87,-100,run,0,0,0,255,30.94,24.67,-1.7,-1,1144.34,0
2017-06-29T17:54:35.987Z,0.87,-100,run,0,0,0,255,30.94,24.67,-1.7,-1,1144.34,0
2017-06-29T17:54:36.990Z,0.87,-100,run,0,0,0,255,30.94,24.67,-1.7,-1,1144.34,0
2017-06-29T17:54:37.993Z,0.87,-100,run,0,0,0,255,30.94,24.67,-1.7,-1,1144.34,0
2017-06-29T17:54:38.998Z,0.87,-100,run,0,0,0,255,30.94,24.67,-1.7,-1,1144.34,0
2017-06-29T17:54:40.001Z,0.87,-100,run,0,0,0,255,30.94,24.67,-1.7,-1,1144.34,0
2017-06-29T17:54:41.008Z,0.87,-100,run,0,0,0,255,30.94,24.67,-1.7,-1,1144.34,0
2017-06-29T17:54:42.019Z,0.87,-100,run,0,0,0,255,30.94,24.67,-1.7,-1,1144.34,0
2017-06-29T17:54:43.018Z,0.87,-100,run,0,0,0,255,30.94,24.67,-1.7,-1,1144.34,0
2017-06-29T17:54:44.023Z,0.87,-100,run,0,0,0,255,30.94,24.67,-1.7,-1,1144.34,0
2017-06-29T17:54:45.025Z,0.87,-100,run,0,0,0,255,30.94,24.67,-1.7,-1,1144.34,0
2017-06-29T17:54:46.028Z,0.87,-100,run,0,0,0,255,30.94,24.67,-1.7,-1,1144.34,0
2017-06-29T17:54:47.030Z,0.87,-100,run,0,0,0,255,30.94,24.67,-1.7,-1,1144.34,0
2017-06-29T17:54:48.033Z,0.87,-100,run,0,0,0,255,30.94,24.67,-1.7,-1,1144.34,0
2017-06-29T17:54:49.040Z,0.87,-100,run,0,0,0,255,30.94,24.67,-1.7,-1,1144.34,0
2017-06-29T17:54:50.044Z,0.87,-100,run,0,0,0,255,30.94,24.67,-1.7,-1,1144.34,0
2017-06-29T17:54:51.053Z,0.87,-100,run,0,0,0,255,30.94,24.67,-1.7,-1,1144.34,0
2017-06-29T17:54:52.063Z,0.87,-100,run,0,0,0,255,30.94,24.67,-1.7,-1,1144.34,0
2017-06-29T17:54:53.073Z,0.87,-100,run,0,0,0,255,30.94,24.67,-1.7,-1,1144.34,0
2017-06-29T17:54:54.081Z,0.87,-100,run,0,0,0,255,30.94,24.67,-1.7,-1,1144.34,0
2017-06-29T17:54:55.088Z,0.87,-100,run,0,0,0,255,30.94,24.67,-1.7,-1,1144.34,0
2017-06-29T17:54:56.095Z,0.87,-100,run,0,0,0,255,30.94,24.67,-1.7,-1,1144.34,0
2017-06-29T17:54:57.102Z,0.87,-100,run,0,0,0,255,30.94,24.67,-1.7,-1,1144.34,0
2017-06-29T17:54:58.107Z,0.87,-100,run,0,0,0,255,30.94,24.67,-1.7,-1,1144.34,0
2017-06-29T17:54:59.106Z,0.87,-100,run,0,0,0,255,30.94,24.67,-1.7,-1,1144.34,0
2017-06-29T17:55:00.110Z,0.87,-100,run,0,0,0,255,30.94,24.67,-1.7,-1,1144.34,0
2017-06-29T17:55:01.113Z,0.87,-100,run,0,0,0,255,30.94,24.67,-1.7,-1,1144.34,0
2017-06-29T17:55:02.120Z,0.87,-100,run,0,0,0,255,30.94,24.67,-1.7,-1,1144.34,0
2017-06-29T17:55:03.126Z,0.87,-100,run,0,0,0,255,30.94,24.67,-1.7,-1,1144.34,0
2017-06-29T17:55:04.131Z,0.87,-100,run,0,0,0,255,30.94,24.67,-1.7,-1,1144.34,0
2017-06-29T17:55:05.134Z,0.87,-100,run,0,0,0,255,30.94,24.67,-1.7,-1,1144.34,0
2017-06-29T17:55:06.137Z,0.87,-100,run,0,0,0,255,30.94,24.67,-1.7,-1,1144.34,0
2017-06-29T17:55:07.142Z,0.87,-100,run,0,0,0,255,30.94,24.67,-1.7,-1,1144.34,0
2017-06-29T17:55:08.146Z,0.87,-100,run,0,0,0,255,30.94,24.67,-1.7,-1,1144.34,0
2017-06-29T17:55:09.149Z,0.87,-100,run,0,0,0,255,30.94,24.67,-1.7,-1,1144.34,0
2017-06-29T17:55:10.153Z,0.87,-100,run,0,0,0,255,30.94,24.67,-1.7,-1,1144.34,0
2017-06-29T17:55:11.157Z,0.87,-100,run,0,0,0,255,30.94,24.67,-1.7,-1,1144.34,0
2017-06-29T17:55:12.165Z,0.87,-100,run,0,0,0,255,30.94,24.67,-1.7,-1,1144.34,0
2017-06-29T17:55:13.167Z,0.87,-100,run,0,0,0,255,30.94,24.67,-1.7,-1,1144.34,0
2017-06-29T17:55:14.172Z,0.87,-100,run,0,0,0,255,30.94,24.67,-1.7,-1,1144.34,0
2017-06-29T17:55:15.173Z,0.87,-100,run,0,0,0,255,30.94,24.67,-1.7,-1,1144.34,0
2017-06-29T17:55:16.179Z,0.87,-100,run,0,0,0,255,30.94,24.67,-1.7,-1,1144.34,0
2017-06-29T17:55:17.182Z,0.87,-100,run,0,0,0,255,30.94,24.67,-1.7,-1,1144.34,0
2017-06-29T17:55:18.188Z,0.87,-100,run,0,0,0,255,30.94,24.67,-1.7,-1,1144.34,0
2017-06-29T17:55:19.191Z,0.87,-100,run,0,0,0,255,30.94,24.67,-1.7,-1,1144.34,0
2017-06-29T17:55:20.196Z,0.87,-100,run,0,0,0,255,30.94,24.67,-1.7,-1,1144.34,0
2017-06-29T17:55:21.200Z,0.87,-100,run,0,0,0,255,30.94,24.67,-1.7,-1,1144.34,0
2017-06-29T17:55:22.201Z,0.87,-100,run,0,0,0,255,30.94,24.67,-1.7,-1,1144.34,0
2017-06-29T17:55:23.203Z,0.87,-100,run,0,0,0,255,30.94,24.67,-1.7,-1,1144.34,0
2017-06-29T17:55:24.213Z,0.87,-100,run,0,0,0,255,30.94,24.67,-1.7,-1,1144.34,0
2017-06-29T17:55:25.220Z,0.87,-100,run,0,0,0,255,30.94,24.67,-1.7,-1,1144.34,0
2017-06-29T17:55:26.229Z,0.87,-100,run,0,0,0,255,30.94,24.67,-1.7,-1,1144.34,0
2017-06-29T17:55:27.232Z,0.87,-100,run,0,0,0,255,30.94,24.67,-1.7,-1,1144.34,0
2017-06-29T17:55:28.240Z,0.87,-100,run,0,0,0,255,30.94,24.67,-1.7,-1,1144.34,0
2017-06-29T17:55:29.247Z,0.87,-100,run,0,0,0,255,30.94,24.67,-1.7,-1,1144.34,0
2017-06-29T17:55:30.304Z,0.87,-100,run,0,0,0,255,30.94,24.67,-1.7,-1,1144.34,0
2017-06-29T17:55:31.313Z,0.87,-100,run,0,0,0,255,30.94,24.67,-1.7,-1,1144.34,0
2017-06-29T17:55:32.317Z,0.87,-100,run,0,0,0,255,30.94,24.67,-1.7,-1,1144.34,0
2017-06-29T17:55:33.322Z,0.87,-100,run,0,0,0,255,30.94,24.67,-1.7,-1,1144.34,0
2017-06-29T17:55:34.331Z,0.87,-100,run,0,0,0,255,30.94,24.67,-1.7,-1,1144.34,0
2017-06-29T17:55:35.340Z,0.87,-100,run,0,0,0,255,30.94,24.67,-1.7,-1,1144.34,0
2017-06-29T17:55:36.345Z,0.87,-100,run,0,0,0,255,30.94,24.67,-1.7,-1,1144.34,0
2017-06-29T17:55:37.349Z,0.87,-100,run,0,0,0,255,30.94,24.67,-1.7,-1,1144.34,0
2017-06-29T17:55:38.358Z,0.87,-100,run,0,0,0,255,30.94,24.67,-1.7,-1,1144.34,0
2017-06-29T17:55:39.366Z,0.87,-100,run,0,0,0,255,30.94,24.67,-1.7,-1,1144.34,0
2017-06-29T17:55:40.374Z,0.87,-100,run,0,0,0,255,30.94,24.67,-1.7,-1,1144.34,0
2017-06-29T17:55:41.380Z,0.87,-100,run,0,0,0,255,30.94,24.67,-1.7,-1,1144.34,0
2017-06-29T17:55:42.386Z,0.87,-100,run,0,0,0,255,30.94,24.67,-1.7,-1,1144.34,0
2017-06-29T17:55:43.395Z,0.87,-100,run,0,0,0,255,30.94,24.67,-1.7,-1,1144.34,0
2017-06-29T17:55:44.402Z,0.87,-100,run,0,0,0,255,30.94,24.67,-1.7,-1,1144.34,0
2017-06-29T17:55:45.410Z,0.87,-100,run,0,0,0,255,30.94,24.67,-1.7,-1,1144.34,0
2017-06-29T17:55:46.421Z,0.87,-100,run,0,0,0,255,30.94,24.67,-1.7,-1,1144.34,0
2017-06-29T17:55:47.424Z,0.87,-100,run,0,0,0,255,30.94,24.67,-1.7,-1,1144.34,0
2017-06-29T17:55:48.431Z,0.87,-100,run,0,0,0,255,30.94,24.67,-1.7,-1,1144.34,0
2017-06-29T17:55:49.439Z,0.87,-100,run,0,0,0,255,30.94,24.67,-1.7,-1,1144.34,0
2017-06-29T17:55:50.447Z,0.87,-100,run,0,0,0,255,30.94,24.67,-1.7,-1,1144.34,0
2017-06-29T17:55:51.453Z,0.87,-100,run,0,0,0,255,30.94,24.67,-1.7,-1,1144.34,0
2017-06-29T17:55:52.457Z,0.87,-100,run,0,0,0,255,30.94,24.67,-1.7,-1,1144.34,0
2017-06-29T17:55:53.464Z,0.87,-100,run,0,0,0,255,30.94,24.67,-1.7,-1,1144.34,0
2017-06-29T17:55:54.473Z,0.87,-100,run,0,0,0,255,30.94,24.67,-1.7,-1,1144.34,0
2017-06-29T17:55:55.477Z,0.87,-100,run,0,0,0,255,30.94,24.67,-1.7,-1,1144.34,0
2017-06-29T17:55:56.480Z,0.87,-100,run,0,0,0,255,30.94,24.67,-1.7,-1,1144.34,0
2017-06-29T17:55:57.490Z,0.87,-100,run,0,0,0,255,30.94,24.67,-1.7,-1,1144.34,0
2017-06-29T17:55:58.497Z,0.87,-100,run,0,0,0,255,30.94,24.67,-1.7,-1,1144.34,0
2017-06-29T17:55:59.504Z,0.87,-100,run,0,0,0,255,30.94,24.67,-1.7,-1,1144.34,0
2017-06-29T17:56:00.507Z,0.87,-100,run,0,0,0,255,30.94,24.67,-1.7,-1,1144.34,0
2017-06-29T17:56:01.516Z,0.87,-100,run,0,0,0,255,30.94,24.67,-1.7,-1,1144.34,0
2017-06-29T17:56:02.529Z,0.87,-100,run,0,0,0,255,30.94,24.67,-1.7,-1,1144.34,0
2017-06-29T17:56:03.535Z,0.87,-100,run,0,0,0,255,30.94,24.67,-1.7,-1,1144.34,0
2017-06-29T17:56:04.538Z,0.87,-100,run,0,0,0,255,30.94,24.67,-1.7,-1,1144.34,0
2017-06-29T17:56:05.544Z,0.87,-100,run,0,0,0,255,30.94,24.67,-1.7,-1,1144.34,0
2017-06-29T17:56:06.560Z,0.87,-100,run,0,0,0,255,30.94,24.67,-1.7,-1,1144.34,0
2017-06-29T17:56:07.567Z,0.87,-100,run,0,0,0,255,30.94,24.67,-1.7,-1,1144.34,0
2017-06-29T17:56:08.573Z,0.87,-100,run,0,0,0,255,30.94,24.67,-1.7,-1,1144.34,0
2017-06-29T17:56:09.574Z,0.87,-100,run,0,0,0,255,30.94,24.67,-1.7,-1,1144.34,0
2017-06-29T17:56:10.581Z,0.87,-100,run,0,0,0,255,30.94,24.67,-1.7,-1,1144.34,0
2017-06-29T17:56:11.594Z,0.87,-100,run,0,0,0,255,30.94,24.67,-1.7,-1,1144.34,0
2017-06-29T17:56:12.601Z,0.87,-100,run,0,0,0,255,30.94,24.67,-1.7,-1,1144.34,0
2017-06-29T17:56:13.612Z,0.87,-100,run,0,0,0,255,30.94,24.67,-1.7,-1,1144.34,0
2017-06-29T17:56:14.607Z,0.87,-100,run,0,0,0,255,30.94,24.67,-1.7,-1,1144.34,0
2017-06-29T17:56:15.607Z,0.87,-100,run,0,0,0,255,30.94,24.67,-1.7,-1,1144.34,0
2017-06-29T17:56:16.608Z,0.87,-100,run,0,0,0,255,30.94,24.67,-1.7,-1,1144.34,0
2017-06-29T17:56:17.608Z,0.87,-100,run,0,0,0,255,30.94,24.67,-1.7,-1,1144.34,0
2017-06-29T17:56:18.613Z,0.87,-100,run,0,0,0,255,30.94,24.67,-1.7,-1,1144.34,0
2017-06-29T17:56:19.618Z,0.87,-100,run,0,0,0,255,30.94,24.67,-1.7,-1,1144.34,0
2017-06-29T17:56:20.627Z,0.87,-100,run,0,0,0,255,30.94,24.67,-1.7,-1,1144.34,0
2017-06-29T17:56:21.656Z,0.87,-100,run,0,0,0,255,30.94,24.67,-1.7,-1,1144.34,0
2017-06-29T17:56:22.647Z,0.87,-100,run,0,0,0,255,30.94,24.67,-1.7,-1,1144.34,0
2017-06-29T17:56:23.648Z,0.87,-100,run,0,0,0,255,30.94,24.67,-1.7,-1,1144.34,0
2017-06-29T17:56:24.654Z,0.87,-100,run,0,0,0,255,30.94,24.67,-1.7,-1,1144.34,0
2017-06-29T17:56:25.660Z,0.87,-100,run,0,0,0,255,30.94,24.67,-1.7,-1,1144.34,0
2017-06-29T17:56:26.666Z,0.87,-100,run,0,0,0,255,30.94,24.67,-1.7,-1,1144.34,0
2017-06-29T17:56:27.670Z,0.87,-100,run,0,0,0,255,30.94,24.67,-1.7,-1,1144.34,0
2017-06-29T17:56:28.686Z,0.87,-100,run,0,0,0,255,30.94,24.67,-1.7,-1,1144.34,0
2017-06-29T17:56:29.698Z,0.87,-100,run,0,0,0,255,30.94,24.67,-1.7,-1,1144.34,0
2017-06-29T17:56:30.697Z,0.87,-100,run,0,0,0,255,30.94,24.67,-1.7,-1,1144.34,0
2017-06-29T17:56:31.695Z,0.87,-100,run,0,0,0,255,30.94,24.67,-1.7,-1,1144.34,0
2017-06-29T17:56:32.703Z,0.87,-100,run,0,0,0,255,30.94,24.67,-1.7,-1,1144.34,0
2017-06-29T17:56:33.718Z,0.87,-100,run,0,0,0,255,30.94,24.67,-1.7,-1,1144.34,0
2017-06-29T17:56:34.710Z,0.87,-100,run,0,0,0,255,30.94,24.67,-1.7,-1,1144.34,0
2017-06-29T17:56:35.711Z,0.87,-100,run,0,0,0,255,30.94,24.67,-1.7,-1,1144.34,0
2017-06-29T17:56:36.722Z,0.87,-100,run,0,0,0,255,30.94,24.67,-1.7,-1,1144.34,0
2017-06-29T17:56:37.724Z,0.87,-100,run,0,0,0,255,30.94,24.67,-1.7,-1,1144.34,0
2017-06-29T17:56:38.732Z,0.87,-100,run,0,0,0,255,30.94,24.67,-1.7,-1,1144.34,0
2017-06-29T17:56:39.733Z,0.87,-100,run,0,0,0,255,30.94,24.67,-1.7,-1,1144.34,0
2017-06-29T17:56:40.734Z,0.87,-100,run,0,0,0,255,30.94,24.67,-1.7,-1,1144.34,0
2017-06-29T17:56:41.739Z,0.87,-100,run,0,0,0,255,30.94,24.67,-1.7,-1,1144.34,0
2017-06-29T17:56:42.740Z,0.87,-100,run,0,0,0,255,30.94,24.67,-1.7,-1,1144.34,0
2017-06-29T17:56:43.744Z,0.87,-100,run,0,0,0,255,30.94,24.67,-1.7,-1,1144.34,0
2017-06-29T17:56:44.753Z,0.87,-100,run,0,0,0,255,30.94,24.67,-1.7,-1,1144.34,0
2017-06-29T17:56:45.762Z,0.87,-100,run,0,0,0,255,30.94,24.67,-1.7,-1,1144.34,0
2017-06-29T17:56:46.768Z,0.87,-100,run,0,0,0,255,30.94,24.67,-1.7,-1,1144.34,0
2017-06-29T17:56:47.769Z,0.87,-100,run,0,0,0,255,30.94,24.67,-1.7,-1,1144.34,0
2017-06-29T17:56:48.773Z,0.87,-100,run,0,0,0,255,30.94,24.67,-1.7,-1,1144.34,0
2017-06-29T17:56:49.776Z,0.87,-100,run,0,0,0,255,30.94,24.67,-1.7,-1,1144.34,0
2017-06-29T17:56:50.779Z,0.87,-100,run,0,0,0,255,30.94,24.67,-1.7,-1,1144.34,0
2017-06-29T17:56:51.786Z,0.87,-100,run,0,0,0,255,30.94,24.67,-1.7,-1,1144.34,0
2017-06-29T17:56:52.794Z,0.87,-100,run,0,0,0,255,30.94,24.67,-1.7,-1,1144.34,0
2017-06-29T17:56:53.800Z,0.87,-100,run,0,0,0,255,30.94,24.67,-1.7,-1,1144.34,0
2017-06-29T17:56:54.804Z,0.87,-100,run,0,0,0,255,30.94,24.67,-1.7,-1,1144.34,0
2017-06-29T17:56:55.809Z,0.87,-100,run,0,0,0,255,30.94,24.67,-1.7,-1,1144.34,0
2017-06-29T17:56:56.812Z,0.87,-100,run,0,0,0,255,30.94,24.67,-1.7,-1,1144.34,0
2017-06-29T17:56:57.817Z,0.87,-100,run,0,0,0,255,30.94,24.67,-1.7,-1,1144.34,0
2017-06-29T17:56:58.823Z,0.87,-100,run,0,0,0,255,30.94,24.67,-1.7,-1,1144.34,0
2017-06-29T17:56:59.870Z,0.87,-100,run,0,0,0,255,30.94,24.67,-1.7,-1,1144.34,0
2017-06-29T17:57:00.837Z,0.87,-100,run,0,0,0,255,30.94,24.67,-1.7,-1,1144.34,0
2017-06-29T17:57:01.844Z,0.87,-100,run,0,0,0,255,30.94,24.67,-1.7,-1,1144.34,0
2017-06-29T17:57:02.852Z,0.87,-100,run,0,0,0,255,30.94,24.67,-1.7,-1,1144.34,0
2017-06-29T17:57:03.860Z,0.87,-100,run,0,0,0,255,30.94,24.67,-1.7,-1,1144.34,0
2017-06-29T17:57:04.867Z,0.87,-100,run,0,0,0,255,30.94,24.67,-1.7,-1,1144.34,0
2017-06-29T17:57:05.874Z,0.87,-100,run,0,0,0,255,30.94,24.67,-1.7,-1,1144.34,0
2017-06-29T17:57:06.877Z,0.87,-100,run,0,0,0,255,30.94,24.67,-1.7,-1,1144.34,0
2017-06-29T17:57:07.886Z,0.87,-100,run,0,0,0,255,30.94,24.67,-1.7,-1,1144.34,0
2017-06-29T17:57:08.893Z,0.87,-100,run,0,0,0,255,30.94,24.67,-1.7,-1,1144.34,0
2017-06-29T17:57:09.899Z,0.87,-100,run,0,0,0,255,30.94,24.67,-1.7,-1,1144.34,0
2017-06-29T17:57:10.905Z,0.87,-100,run,0,0,0,255,30.94,24.67,-1.7,-1,1144.34,0
2017-06-29T17:57:11.911Z,0.87,-100,run,0,0,0,255,30.94,24.67,-1.7,-1,1144.34,0
2017-06-29T17:57:12.916Z,0.87,-100,run,0,0,0,255,30.94,24.67,-1.7,-1,1144.34,0
2017-06-29T17:57:13.923Z,0.87,-100,run,0,0,0,255,30.94,24.67,-1.7,-1,1144.34,0
2017-06-29T17:57:14.928Z,0.87,-100,run,0,0,0,255,30.94,24.67,-1.7,-1,1144.34,0
2017-06-29T17:57:15.933Z,0.87,-100,run,0,0,0,255,30.94,24.67,-1.7,-1,1144.34,0
2017-06-29T17:57:16.939Z,0.87,-100,run,0,0,0,255,30.94,24.67,-1.7,-1,1144.34,0
2017-06-29T17:57:17.944Z,0.87,-100,run,0,0,0,255,30.94,24.67,-1.7,-1,1144.34,0
2017-06-29T17:57:18.952Z,0.87,-100,run,0,0,0,255,30.94,24.67,-1.7,-1,1144.34,0
2017-06-29T17:57:19.959Z,0.87,-100,run,0,0,0,255,30.94,24.67,-1.7,-1,1144.34,0
2017-06-29T17:57:20.979Z,0.87,-100,run,0,0,0,255,30.94,24.67,-1.7,-1,1144.34,0
2017-06-29T17:57:21.976Z,0.87,-100,run,0,0,0,255,30.94,24.67,-1.7,-1,1144.34,0
2017-06-29T17:57:22.987Z,0.87,-100,run,0,0,0,255,30.94,24.67,-1.7,-1,1144.34,0
2017-06-29T17:57:24.000Z,0.87,-100,run,0,0,0,255,30.94,24.67,-1.7,-1,1144.34,0
2017-06-29T17:57:25.006Z,0.87,-100,run,0,0,0,255,30.94,24.67,-1.7,-1,1144.34,0
2017-06-29T17:57:26.019Z,0.87,-100,run,0,0,0,255,30.94,24.67,-1.7,-1,1144.34,0
2017-06-29T17:57:27.011Z,0.87,-100,run,0,0,0,255,30.94,24.67,-1.7,-1,1144.34,0
2017-06-29T17:57:28.016Z,0.87,-100,run,0,0,0,255,30.94,24.67,-1.7,-1,1144.34,0
2017-06-29T17:57:29.026Z,0.87,-100,run,0,0,0,255,30.94,24.67,-1.7,-1,1144.34,0
2017-06-29T17:57:30.020Z,0.87,-100,run,0,0,0,255,30.94,24.67,-1.7,-1,1144.34,0
2017-06-29T17:57:31.034Z,0.87,-100,run,0,0,0,255,30.94,24.67,-1.7,-1,1144.34,0
2017-06-29T17:57:32.030Z,0.87,-100,run,0,0,0,255,30.94,24.67,-1.7,-1,1144.34,0
2017-06-29T17:57:33.035Z,0.87,-100,run,0,0,0,255,30.94,24.67,-1.7,-1,1144.34,0
2017-06-29T17:57:34.039Z,0.87,-100,run,0,0,0,255,30.94,24.67,-1.7,-1,1144.34,0
2017-06-29T17:57:35.049Z,0.87,-100,run,0,0,0,255,30.94,24.67,-1.7,-1,1144.34,0
2017-06-29T17:57:36.050Z,0.87,-100,run,0,0,0,255,30.94,24.67,-1.7,-1,1144.34,0
2017-06-29T17:57:37.051Z,0.87,-100,run,0,0,0,255,30.94,24.67,-1.7,-1,1144.34,0
2017-06-29T17:57:38.060Z,0.87,-100,run,0,0,0,255,30.94,24.67,-1.7,-1,1144.34,0
2017-06-29T17:57:39.070Z,0.87,-100,run,0,0,0,255,30.94,24.67,-1.7,-1,1144.34,0
2017-06-29T17:57:40.076Z,0.87,-100,run,0,0,0,255,30.94,24.67,-1.7,-1,1144.34,0
2017-06-29T17:57:41.079Z,0.87,-100,run,0,0,0,255,30.94,24.67,-1.7,-1,1144.34,0
2017-06-29T17:57:42.084Z,0.87,-100,run,0,0,0,255,30.94,24.67,-1.7,-1,1144.34,0
2017-06-29T17:57:43.097Z,0.87,-100,run,0,0,0,255,30.94,24.67,-1.7,-1,1144.34,0
2017-06-29T17:57:44.103Z,0.87,-100,run,0,0,0,255,30.94,24.67,-1.7,-1,1144.34,0
2017-06-29T17:57:45.103Z,0.87,-100,run,0,0,0,255,30.94,24.67,-1.7,-1,1144.34,0
2017-06-29T17:57:46.099Z,0.87,-100,run,0,0,0,255,30.94,24.67,-1.7,-1,1144.34,0
2017-06-29T17:57:47.098Z,0.87,-100,run,0,0,0,255,30.94,24.67,-1.7,-1,1144.34,0
2017-06-29T17:57:48.103Z,0.87,-100,run,0,0,0,255,30.94,24.67,-1.7,-1,1144.34,0
2017-06-29T17:57:49.109Z,0.87,-100,run,0,0,0,255,30.94,24.67,-1.7,-1,1144.34,0
2017-06-29T17:57:50.119Z,0.87,-100,run,0,0,0,255,30.94,24.67,-1.7,-1,1144.34,0
2017-06-29T17:57:51.126Z,0.87,-100,run,0,0,0,255,30.94,24.67,-1.7,-1,1144.34,0
2017-06-29T17:57:52.128Z,0.87,-100,run,0,0,0,255,30.94,24.67,-1.7,-1,1144.34,0
2017-06-29T17:57:53.143Z,0.87,-100,run,0,0,0,255,30.94,24.67,-1.7,-1,1144.34,0
2017-06-29T17:57:54.157Z,0.87,-100,run,0,0,0,255,30.94,24.67,-1.7,-1,1144.34,0
2017-06-29T17:57:55.167Z,0.87,-100,run,0,0,0,255,30.94,24.67,-1.7,-1,1144.34,0
2017-06-29T17:57:56.235Z,0.87,-100,run,0,0,0,255,30.94,24.67,-1.7,-1,1144.34,0
2017-06-29T17:57:58.397Z,0.87,-100,run,0,0,0,255,30.94,24.67,-1.7,-1,1144.34,0
2017-06-29T17:57:58.408Z,0.87,-100,run,0,0,0,255,30.94,24.67,-1.7,-1,1144.34,0
2017-06-29T17:57:59.369Z,0.87,-100,run,0,0,0,255,30.94,24.67,-1.7,-1,1144.34,0
2017-06-29T17:58:00.295Z,0.87,-100,run,0,0,0,255,30.94,24.67,-1.7,-1,1144.34,0
2017-06-29T17:58:01.281Z,0.87,-100,run,0,0,0,255,30.94,24.67,-1.7,-1,1144.34,0
2017-06-29T17:58:02.288Z,0.87,-100,run,0,0,0,255,30.94,24.67,-1.7,-1,1144.34,0
2017-06-29T17:58:03.300Z,0.87,-100,run,0,0,0,255,30.94,24.67,-1.7,-1,1144.34,0
2017-06-29T17:58:04.310Z,0.87,-100,run,0,0,0,255,30.94,24.67,-1.7,-1,1144.34,0
2017-06-29T17:58:05.307Z,0.87,-100,run,0,0,0,255,30.94,24.67,-1.7,-1,1144.34,0
2017-06-29T17:58:06.309Z,0.87,-100,run,0,0,0,255,30.94,24.67,-1.7,-1,1144.34,0
2017-06-29T17:58:07.312Z,0.87,-100,run,0,0,0,255,30.94,24.67,-1.7,-1,1144.34,0
2017-06-29T17:58:08.316Z,0.87,-100,run,0,0,0,255,30.94,24.67,-1.7,-1,1144.34,0
2017-06-29T17:58:09.320Z,0.87,-100,run,0,0,0,255,30.94,24.67,-1.7,-1,1144.34,0
2017-06-29T17:58:10.323Z,0.87,-100,run,0,0,0,255,30.94,24.67,-1.7,-1,1144.34,0
2017-06-29T17:58:11.333Z,0.87,-100,run,0,0,0,255,30.94,24.67,-1.7,-1,1144.34,0
2017-06-29T17:58:15.950Z,0.87,-100,run,0,0,0,255,30.94,24.67,-1.7,-1,1144.34,0
2017-06-29T17:58:15.962Z,0.87,-100,run,0,0,0,255,30.94,24.67,-1.7,-1,1144.34,0
2017-06-29T17:58:15.976Z,0.87,-100,run,0,0,0,255,30.94,24.67,-1.7,-1,1144.34,0
2017-06-29T17:58:15.998Z,0.87,-100,run,0,0,0,255,30.94,24.67,-1.7,-1,1144.34,0
2017-06-29T17:58:20.884Z,0.87,-100,run,0,0,0,255,30.94,24.67,-1.7,-1,1144.34,0
2017-06-29T17:58:20.980Z,0.87,-100,run,0,0,0,255,30.94,24.67,-1.7,-1,1144.34,0
2017-06-29T17:58:20.982Z,0.87,-100,run,0,0,0,255,30.94,24.67,-1.7,-1,1144.34,0
2017-06-29T17:58:20.987Z,0.87,-100,run,0,0,0,255,30.94,24.67,-1.7,-1,1144.34,0
2017-06-29T17:59:00.432Z,0.87,-100,run,0,0,0,255,30.94,24.67,-1.7,-1,1144.34,0
2017-06-29T17:59:00.435Z,0.87,-100,run,0,0,0,255,30.94,24.67,-1.7,-1,1144.34,0
2017-06-29T17:59:00.446Z,0.87,-100,run,0,0,0,255,30.94,24.67,-1.7,-1,1144.34,0
2017-06-29T17:59:00.453Z,0.87,-100,run,0,0,0,255,30.94,24.67,-1.7,-1,1144.34,0
2017-06-29T17:59:02.097Z,0.87,-100,run,0,0,0,255,30.94,24.67,-1.7,-1,1144.34,0
2017-06-29T17:59:03.127Z,0.87,-100,run,0,0,0,255,30.94,24.67,-1.7,-1,1144.34,0
2017-06-29T17:59:04.058Z,0.87,-100,run,0,0,0,255,30.94,24.67,-1.7,-1,1144.34,0
2017-06-29T17:59:05.062Z,0.87,-100,run,0,0,0,255,30.94,24.67,-1.7,-1,1144.34,0
2017-06-29T17:59:06.067Z,0.87,-100,run,0,0,0,255,30.94,24.67,-1.7,-1,1144.34,0
2017-06-29T17:59:07.070Z,0.87,-100,run,0,0,0,255,30.94,24.67,-1.7,-1,1144.34,0
2017-06-29T17:59:08.075Z,0.87,-100,run,0,0,0,255,30.94,24.67,-1.7,-1,1144.34,0
2017-06-29T17:59:09.080Z,0.87,-100,run,0,0,0,255,30.94,24.67,-1.7,-1,1144.34,0
2017-06-29T17:59:10.085Z,0.87,-100,run,0,0,0,255,30.94,24.67,-1.7,-1,1144.34,0
2017-06-29T17:59:11.087Z,0.87,-100,run,0,0,0,255,30.94,24.67,-1.7,-1,1144.34,0
2017-06-29T17:59:12.094Z,0.87,-100,run,0,0,0,255,30.94,24.67,-1.7,-1,1144.34,0
2017-06-29T17:59:13.101Z,0.87,-100,run,0,0,0,255,30.94,24.67,-1.7,-1,1144.34,0
2017-06-29T17:59:14.105Z,0.87,-100,run,0,0,0,255,30.94,24.67,-1.7,-1,1144.34,0
2017-06-29T17:59:15.111Z,0.87,-100,run,0,0,0,255,30.94,24.67,-1.7,-1,1144.34,0
2017-06-29T17:59:16.123Z,0.87,-100,run,0,0,0,255,30.94,24.67,-1.7,-1,1144.34,0
2017-06-29T17:59:17.131Z,0.87,-100,run,0,0,0,255,30.94,24.67,-1.7,-1,1144.34,0
2017-06-29T17:59:18.136Z,0.87,-100,run,0,0,0,255,30.94,24.67,-1.7,-1,1144.34,0
2017-06-29T17:59:19.143Z,0.87,-100,run,0,0,0,255,30.94,24.67,-1.7,-1,1144.34,0
2017-06-29T17:59:20.151Z,0.87,-100,run,0,0,0,255,30.94,24.67,-1.7,-1,1144.34,0
2017-06-29T17:59:21.162Z,0.87,-100,run,0,0,0,255,30.94,24.67,-1.7,-1,1144.34,0
2017-06-29T17:59:22.167Z,0.87,-100,run,0,0,0,255,30.94,24.67,-1.7,-1,1144.34,0
2017-06-29T17:59:23.181Z,0.87,-100,run,0,0,0,255,30.94,24.67,-1.7,-1,1144.34,0
2017-06-29T17:59:24.189Z,0.87,-100,run,0,0,0,255,30.94,24.67,-1.7,-1,1144.34,0
2017-06-29T17:59:25.198Z,0.87,-100,run,0,0,0,255,30.94,24.67,-1.7,-1,1144.34,0
2017-06-29T17:59:26.204Z,0.87,-100,run,0,0,0,255,30.94,24.67,-1.7,-1,1144.34,0
2017-06-29T17:59:27.211Z,0.87,-100,run,0,0,0,255,30.94,24.67,-1.7,-1,1144.34,0
2017-06-29T17:59:28.219Z,0.87,-100,run,0,0,0,255,30.94,24.67,-1.7,-1,1144.34,0
2017-06-29T17:59:29.228Z,0.87,-100,run,0,0,0,255,30.94,24.67,-1.7,-1,1144.34,0
2017-06-29T17:59:30.235Z,0.87,-100,run,0,0,0,255,30.94,24.67,-1.7,-1,1144.34,0
2017-06-29T17:59:31.241Z,0.87,-100,run,0,0,0,255,30.94,24.67,-1.7,-1,1144.34,0
2017-06-29T17:59:32.251Z,0.87,-100,run,0,0,0,255,30.94,24.67,-1.7,-1,1144.34,0
2017-06-29T17:59:33.258Z,0.87,-100,run,0,0,0,255,30.94,24.67,-1.7,-1,1144.34,0
2017-06-29T17:59:34.265Z,0.87,-100,run,0,0,0,255,30.94,24.67,-1.7,-1,1144.34,0
2017-06-29T17:59:35.274Z,0.87,-100,run,0,0,0,255,30.94,24.67,-1.7,-1,1144.34,0
2017-06-29T17:59:36.281Z,0.87,-100,run,0,0,0,255,30.94,24.67,-1.7,-1,1144.34,0
2017-06-29T17:59:37.288Z,0.87,-100,run,0,0,0,255,30.94,24.67,-1.7,-1,1144.34,0
2017-06-29T17:59:38.295Z,0.87,-100,run,0,0,0,255,30.94,24.67,-1.7,-1,1144.34,0
2017-06-29T17:59:39.301Z,0.87,-100,run,0,0,0,255,30.94,24.67,-1.7,-1,1144.34,0
2017-06-29T17:59:40.308Z,0.87,-100,run,0,0,0,255,30.94,24.67,-1.7,-1,1144.34,0
2017-06-29T17:59:41.313Z,0.87,-100,run,0,0,0,255,30.94,24.67,-1.7,-1,1144.34,0
2017-06-29T17:59:42.317Z,0.87,-100,run,0,0,0,255,30.94,24.67,-1.7,-1,1144.34,0
2017-06-29T17:59:43.324Z,0.87,-100,run,0,0,0,255,30.94,24.67,-1.7,-1,1144.34,0
2017-06-29T17:59:44.332Z,0.87,-100,run,0,0,0,255,30.94,24.67,-1.7,-1,1144.34,0
2017-06-29T17:59:45.341Z,0.87,-100,run,0,0,0,255,30.94,24.67,-1.7,-1,1144.34,0
2017-06-29T17:59:46.348Z,0.87,-100,run,0,0,0,255,30.94,24.67,-1.7,-1,1144.34,0
2017-06-29T17:59:47.356Z,0.87,-100,run,0,0,0,255,30.94,24.67,-1.7,-1,1144.34,0
2017-06-29T17:59:48.365Z,0.87,-100,run,0,0,0,255,30.94,24.67,-1.7,-1,1144.34,0
2017-06-29T17:59:49.372Z,0.87,-100,run,0,0,0,255,30.94,24.67,-1.7,-1,1144.34,0
2017-06-29T17:59:50.380Z,0.87,-100,run,0,0,0,255,30.94,24.67,-1.7,-1,1144.34,0
2017-06-29T17:59:51.388Z,0.87,-100,run,0,0,0,255,30.94,24.67,-1.7,-1,1144.34,0
2017-06-29T17:59:52.393Z,0.87,-100,run,0,0,0,255,30.94,24.67,-1.7,-1,1144.34,0
2017-06-29T17:59:53.400Z,0.87,-100,run,0,0,0,255,30.94,24.67,-1.7,-1,1144.34,0
2017-06-29T17:59:54.406Z,0.87,-100,run,0,0,0,255,30.94,24.67,-1.7,-1,1144.34,0
2017-06-29T17:59:55.415Z,0.87,-100,run,0,0,0,255,30.94,24.67,-1.7,-1,1144.34,0
2017-06-29T17:59:56.426Z,0.87,-100,run,0,0,0,255,30.94,24.67,-1.7,-1,1144.34,0
2017-06-29T17:59:57.431Z,0.87,-100,run,0,0,0,255,30.94,24.67,-1.7,-1,1144.34,0
2017-06-29T17:59:58.439Z,0.87,-100,run,0,0,0,255,30.94,24.67,-1.7,-1,1144.34,0
2017-06-29T17:59:59.446Z,0.87,-100,run,0,0,0,255,30.94,24.67,-1.7,-1,1144.34,0
2017-06-29T18:00:00.452Z,0.87,-100,run,0,0,0,255,30.94,24.67,-1.7,-1,1144.34,0
2017-06-29T18:00:01.461Z,0.87,-100,run,0,0,0,255,30.94,24.67,-1.7,-1,1144.34,0
2017-06-29T18:00:02.468Z,0.87,-100,run,0,0,0,255,30.94,24.67,-1.7,-1,1144.34,0
2017-06-29T18:00:03.478Z,0.87,-100,run,0,0,0,255,30.94,24.67,-1.7,-1,1144.34,0
2017-06-29T18:00:04.485Z,0.87,-100,run,0,0,0,255,30.94,24.67,-1.7,-1,1144.34,0
2017-06-29T18:00:05.494Z,0.87,-100,run,0,0,0,255,30.94,24.67,-1.7,-1,1144.34,0
2017-06-29T18:00:06.500Z,0.87,-100,run,0,0,0,255,30.94,24.67,-1.7,-1,1144.34,0
2017-06-29T18:00:07.507Z,0.87,-100,run,0,0,0,255,30.94,24.67,-1.7,-1,1144.34,0
2017-06-29T18:00:08.516Z,0.87,-100,run,0,0,0,255,30.94,24.67,-1.7,-1,1144.34,0
2017-06-29T18:00:09.522Z,0.87,-100,run,0,0,0,255,30.94,24.67,-1.7,-1,1144.34,0
2017-06-29T18:00:10.528Z,0.87,-100,run,0,0,0,255,30.94,24.67,-1.7,-1,1144.34,0
2017-06-29T18:00:11.538Z,0.87,-100,run,0,0,0,255,30.94,24.67,-1.7,-1,1144.34,0
2017-06-29T18:00:12.544Z,0.87,-100,run,0,0,0,255,30.94,24.67,-1.7,-1,1144.34,0
2017-06-29T18:00:13.551Z,0.87,-100,run,0,0,0,255,30.94,24.67,-1.7,-1,1144.34,0
2017-06-29T18:00:14.560Z,0.87,-100,run,0,0,0,255,30.94,24.67,-1.7,-1,1144.34,0
2017-06-29T18:00:15.568Z,0.87,-100,run,0,0,0,255,30.94,24.67,-1.7,-1,1144.34,0
2017-06-29T18:00:16.574Z,0.87,-100,run,0,0,0,255,30.94,24.67,-1.7,-1,1144.34,0
2017-06-29T18:00:17.582Z,0.87,-100,run,0,0,0,255,30.94,24.67,-1.7,-1,1144.34,0
2017-06-29T18:00:18.592Z,0.87,-100,run,0,0,0,255,30.94,24.67,-1.7,-1,1144.34,0
2017-06-29T18:00:19.601Z,0.87,-100,run,0,0,0,255,30.94,24.67,-1.7,-1,1144.34,0
2017-06-29T18:00:20.606Z,0.87,-100,run,0,0,0,255,30.94,24.67,-1.7,-1,1144.34,0
2017-06-29T18:00:21.613Z,0.87,-100,run,0,0,0,255,30.94,24.67,-1.7,-1,1144.34,0
2017-06-29T18:00:22.616Z,0.87,-100,run,0,0,0,255,30.94,24.67,-1.7,-1,1144.34,0
2017-06-29T18:00:23.622Z,0.87,-100,run,0,0,0,255,30.94,24.67,-1.7,-1,1144.34,0
2017-06-29T18:00:24.637Z,0.87,-100,run,0,0,0,255,30.94,24.67,-1.7,-1,1144.34,0
2017-06-29T18:00:25.638Z,0.87,-100,run,0,0,0,255,30.94,24.67,-1.7,-1,1144.34,0
2017-06-29T18:00:26.652Z,0.87,-100,run,0,0,0,255,30.94,24.67,-1.7,-1,1144.34,0
2017-06-29T18:00:27.658Z,0.87,-100,run,0,0,0,255,30.94,24.67,-1.7,-1,1144.34,0
2017-06-29T18:00:28.665Z,0.87,-100,run,0,0,0,255,30.94,24.67,-1.7,-1,1144.34,0
2017-06-29T18:00:29.672Z,0.87,-100,run,0,0,0,255,30.94,24.67,-1.7,-1,1144.34,0
2017-06-29T18:00:30.682Z,0.87,-100,run,0,0,0,255,30.94,24.67,-1.7,-1,1144.34,0
2017-06-29T18:00:31.690Z,0.87,-100,run,0,0,0,255,30.94,24.67,-1.7,-1,1144.34,0
2017-06-29T18:00:32.697Z,0.87,-100,run,0,0,0,255,30.94,24.67,-1.7,-1,1144.34,0
2017-06-29T18:00:33.704Z,0.87,-100,run,0,0,0,255,30.94,24.67,-1.7,-1,1144.34,0
2017-06-29T18:00:34.714Z,0.87,-100,run,0,0,0,255,30.94,24.67,-1.7,-1,1144.34,0
2017-06-29T18:00:35.720Z,0.87,-100,run,0,0,0,255,30.94,24.67,-1.7,-1,1144.34,0
2017-06-29T18:00:36.726Z,0.87,-100,run,0,0,0,255,30.94,24.67,-1.7,-1,1144.34,0
2017-06-29T18:00:37.733Z,0.87,-100,run,0,0,0,255,30.94,24.67,-1.7,-1,1144.34,0
2017-06-29T18:00:38.743Z,0.87,-100,run,0,0,0,255,30.94,24.67,-1.7,-1,1144.34,0
2017-06-29T18:00:39.747Z,0.87,-100,run,0,0,0,255,30.94,24.67,-1.7,-1,1144.34,0
2017-06-29T18:00:40.806Z,0.87,-100,run,0,0,0,255,30.94,24.67,-1.7,-1,1144.34,0
2017-06-29T18:00:41.760Z,0.87,-100,run,0,0,0,255,30.94,24.67,-1.7,-1,1144.34,0
2017-06-29T18:00:42.767Z,0.87,-100,run,0,0,0,255,30.94,24.67,-1.7,-1,1144.34,0
2017-06-29T18:00:43.777Z,0.87,-100,run,0,0,0,255,30.94,24.67,-1.7,-1,1144.34,0
2017-06-29T18:00:44.783Z,0.87,-100,run,0,0,0,255,30.94,24.67,-1.7,-1,1144.34,0
2017-06-29T18:00:45.789Z,0.87,-100,run,0,0,0,255,30.94,24.67,-1.7,-1,1144.34,0
2017-06-29T18:00:46.796Z,0.87,-100,run,0,0,0,255,30.94,24.67,-1.7,-1,1144.34,0
2017-06-29T18:00:47.803Z,0.87,-100,run,0,0,0,255,30.94,24.67,-1.7,-1,1144.34,0
2017-06-29T18:00:48.809Z,0.87,-100,run,0,0,0,255,30.94,24.67,-1.7,-1,1144.34,0
2017-06-29T18:00:49.816Z,0.87,-100,run,0,0,0,255,30.94,24.67,-1.7,-1,1144.34,0
2017-06-29T18:00:50.824Z,0.87,-100,run,0,0,0,255,30.94,24.67,-1.7,-1,1144.34,0
2017-06-29T18:00:51.831Z,0.87,-100,run,0,0,0,255,30.94,24.67,-1.7,-1,1144.34,0
2017-06-29T18:00:52.839Z,0.87,-100,run,0,0,0,255,30.94,24.67,-1.7,-1,1144.34,0
2017-06-29T18:00:53.844Z,0.87,-100,run,0,0,0,255,30.94,24.67,-1.7,-1,1144.34,0
2017-06-29T18:00:54.852Z,0.87,-100,run,0,0,0,255,30.94,24.67,-1.7,-1,1144.34,0
2017-06-29T18:00:55.860Z,0.87,-100,run,0,0,0,255,30.94,24.67,-1.7,-1,1144.34,0
2017-06-29T18:00:56.870Z,0.87,-100,run,0,0,0,255,30.94,24.67,-1.7,-1,1144.34,0
2017-06-29T18:00:57.876Z,0.87,-100,run,0,0,0,255,30.94,24.67,-1.7,-1,1144.34,0
2017-06-29T18:00:58.880Z,0.87,-100,run,0,0,0,255,30.94,24.67,-1.7,-1,1144.34,0
2017-06-29T18:00:59.887Z,0.87,-100,run,0,0,0,255,30.94,24.67,-1.7,-1,1144.34,0
2017-06-29T18:01:00.897Z,0.87,-100,run,0,0,0,255,30.94,24.67,-1.7,-1,1144.34,0
2017-06-29T18:01:01.901Z,0.87,-100,run,0,0,0,255,30.94,24.67,-1.7,-1,1144.34,0
2017-06-29T18:01:02.910Z,0.87,-100,run,0,0,0,255,30.94,24.67,-1.7,-1,1144.34,0
2017-06-29T18:01:03.917Z,0.87,-100,run,0,0,0,255,30.94,24.67,-1.7,-1,1144.34,0
2017-06-29T18:01:04.924Z,0.87,-100,run,0,0,0,255,30.94,24.67,-1.7,-1,1144.34,0
2017-06-29T18:01:05.933Z,0.87,-100,run,0,0,0,255,30.94,24.67,-1.7,-1,1144.34,0
2017-06-29T18:01:06.936Z,0.87,-100,run,0,0,0,255,30.94,24.67,-1.7,-1,1144.34,0
2017-06-29T18:01:07.945Z,0.87,-100,run,0,0,0,255,30.94,24.67,-1.7,-1,1144.34,0
2017-06-29T18:01:08.951Z,0.87,-100,run,0,0,0,255,30.94,24.67,-1.7,-1,1144.34,0
2017-06-29T18:01:09.959Z,0.87,-100,run,0,0,0,255,30.94,24.67,-1.7,-1,1144.34,0
2017-06-29T18:01:10.964Z,0.87,-100,run,0,0,0,255,30.94,24.67,-1.7,-1,1144.34,0
2017-06-29T18:01:11.971Z,0.87,-100,run,0,0,0,255,30.94,24.67,-1.7,-1,1144.34,0
2017-06-29T18:01:12.977Z,0.87,-100,run,0,0,0,255,30.94,24.67,-1.7,-1,1144.34,0
2017-06-29T18:01:13.986Z,0.87,-100,run,0,0,0,255,30.94,24.67,-1.7,-1,1144.34,0
2017-06-29T18:01:14.991Z,0.87,-100,run,0,0,0,255,30.94,24.67,-1.7,-1,1144.34,0
2017-06-29T18:01:15.998Z,0.87,-100,run,0,0,0,255,30.94,24.67,-1.7,-1,1144.34,0
2017-06-29T18:01:17.006Z,0.87,-100,run,0,0,0,255,30.94,24.67,-1.7,-1,1144.34,0
2017-06-29T18:01:18.016Z,0.87,-100,run,0,0,0,255,30.94,24.67,-1.7,-1,1144.34,0
2017-06-29T18:01:19.021Z,0.87,-100,run,0,0,0,255,30.94,24.67,-1.7,-1,1144.34,0
2017-06-29T18:01:20.026Z,0.87,-100,run,0,0,0,255,30.94,24.67,-1.7,-1,1144.34,0
2017-06-29T18:01:21.034Z,0.87,-100,run,0,0,0,255,30.94,24.67,-1.7,-1,1144.34,0
2017-06-29T18:01:22.041Z,0.87,-100,run,0,0,0,255,30.94,24.67,-1.7,-1,1144.34,0
2017-06-29T18:01:23.050Z,0.87,-100,run,0,0,0,255,30.94,24.67,-1.7,-1,1144.34,0
2017-06-29T18:01:24.058Z,0.87,-100,run,0,0,0,255,30.94,24.67,-1.7,-1,1144.34,0
2017-06-29T18:01:25.064Z,0.87,-100,run,0,0,0,255,30.94,24.67,-1.7,-1,1144.34,0
2017-06-29T18:01:26.069Z,0.87,-100,run,0,0,0,255,30.94,24.67,-1.7,-1,1144.34,0
2017-06-29T18:01:27.077Z,0.87,-100,run,0,0,0,255,30.94,24.67,-1.7,-1,1144.34,0
2017-06-29T18:01:28.085Z,0.87,-100,run,0,0,0,255,30.94,24.67,-1.7,-1,1144.34,0
2017-06-29T18:01:29.092Z,0.87,-100,run,0,0,0,255,30.94,24.67,-1.7,-1,1144.34,0
2017-06-29T18:01:30.100Z,0.87,-100,run,0,0,0,255,30.94,24.67,-1.7,-1,1144.34,0
2017-06-29T18:01:31.105Z,0.87,-100,run,0,0,0,255,30.94,24.67,-1.7,-1,1144.34,0
2017-06-29T18:01:32.116Z,0.87,-100,run,0,0,0,255,30.94,24.67,-1.7,-1,1144.34,0
2017-06-29T18:01:33.123Z,0.87,-100,run,0,0,0,255,30.94,24.67,-1.7,-1,1144.34,0
2017-06-29T18:01:34.129Z,0.87,-100,run,0,0,0,255,30.94,24.67,-1.7,-1,1144.34,0
2017-06-29T18:01:35.137Z,0.87,-100,run,0,0,0,255,30.94,24.67,-1.7,-1,1144.34,0
2017-06-29T18:01:36.147Z,0.87,-100,run,0,0,0,255,30.94,24.67,-1.7,-1,1144.34,0
2017-06-29T18:01:37.154Z,0.87,-100,run,0,0,0,255,30.94,24.67,-1.7,-1,1144.34,0
2017-06-29T18:01:38.162Z,0.87,-100,run,0,0,0,255,30.94,24.67,-1.7,-1,1144.34,0
2017-06-29T18:01:39.170Z,0.87,-100,run,0,0,0,255,30.94,24.67,-1.7,-1,1144.34,0
2017-06-29T18:01:40.178Z,0.87,-100,run,0,0,0,255,30.94,24.67,-1.7,-1,1144.34,0
2017-06-29T18:01:41.183Z,0.87,-100,run,0,0,0,255,30.94,24.67,-1.7,-1,1144.34,0
2017-06-29T18:01:42.190Z,0.87,-100,run,0,0,0,255,30.94,24.67,-1.7,-1,1144.34,0
2017-06-29T18:01:43.198Z,0.87,-100,run,0,0,0,255,30.94,24.67,-1.7,-1,1144.34,0
2017-06-29T18:01:44.206Z,0.87,-100,run,0,0,0,255,30.94,24.67,-1.7,-1,1144.34,0
2017-06-29T18:01:45.215Z,0.87,-100,run,0,0,0,255,30.94,24.67,-1.7,-1,1144.34,0
2017-06-29T18:01:46.222Z,0.87,-100,run,0,0,0,255,30.94,24.67,-1.7,-1,1144.34,0
2017-06-29T18:01:47.229Z,0.87,-100,run,0,0,0,255,30.94,24.67,-1.7,-1,1144.34,0
2017-06-29T18:01:48.237Z,0.87,-100,run,0,0,0,255,30.94,24.67,-1.7,-1,1144.34,0
2017-06-29T18:01:49.244Z,0.87,-100,run,0,0,0,255,30.94,24.67,-1.7,-1,1144.34,0
2017-06-29T18:01:50.252Z,0.87,-100,run,0,0,0,255,30.94,24.67,-1.7,-1,1144.34,0
2017-06-29T18:01:51.257Z,0.87,-100,run,0,0,0,255,30.94,24.67,-1.7,-1,1144.34,0
2017-06-29T18:01:52.265Z,0.87,-100,run,0,0,0,255,30.94,24.67,-1.7,-1,1144.34,0
2017-06-29T18:01:53.271Z,0.87,-100,run,0,0,0,255,30.94,24.67,-1.7,-1,1144.34,0
2017-06-29T18:01:54.279Z,0.87,-100,run,0,0,0,255,30.94,24.67,-1.7,-1,1144.34,0
2017-06-29T18:01:55.286Z,0.87,-100,run,0,0,0,255,30.94,24.67,-1.7,-1,1144.34,0
2017-06-29T18:01:56.296Z,0.87,-100,run,0,0,0,255,30.94,24.67,-1.7,-1,1144.34,0
2017-06-29T18:01:57.303Z,0.87,-100,run,0,0,0,255,30.94,24.67,-1.7,-1,1144.34,0
2017-06-29T18:01:58.312Z,0.87,-100,run,0,0,0,255,30.94,24.67,-1.7,-1,1144.34,0
2017-06-29T18:01:59.319Z,0.87,-100,run,0,0,0,255,30.94,24.67,-1.7,-1,1144.34,0
2017-06-29T18:02:00.326Z,0.87,-100,run,0,0,0,255,30.94,24.67,-1.7,-1,1144.34,0
2017-06-29T18:02:01.334Z,0.87,-100,run,0,0,0,255,30.94,24.67,-1.7,-1,1144.34,0
2017-06-29T18:02:02.345Z,0.87,-100,run,0,0,0,255,30.94,24.67,-1.7,-1,1144.34,0
2017-06-29T18:02:03.349Z,0.87,-100,run,0,0,0,255,30.94,24.67,-1.7,-1,1144.34,0
2017-06-29T18:02:04.358Z,0.87,-100,run,0,0,0,255,30.94,24.67,-1.7,-1,1144.34,0
2017-06-29T18:02:05.367Z,0.87,-100,run,0,0,0,255,30.94,24.67,-1.7,-1,1144.34,0
2017-06-29T18:02:06.378Z,0.87,-100,run,0,0,0,255,30.94,24.67,-1.7,-1,1144.34,0
2017-06-29T18:02:07.385Z,0.87,-100,run,0,0,0,255,30.94,24.67,-1.7,-1,1144.34,0
2017-06-29T18:02:08.393Z,0.87,-100,run,0,0,0,255,30.94,24.67,-1.7,-1,1144.34,0
2017-06-29T18:02:09.400Z,0.87,-100,run,0,0,0,255,30.94,24.67,-1.7,-1,1144.34,0
2017-06-29T18:02:10.407Z,0.87,-100,run,0,0,0,255,30.94,24.67,-1.7,-1,1144.34,0
2017-06-29T18:02:11.410Z,0.87,-100,run,0,0,0,255,30.94,24.67,-1.7,-1,1144.34,0
2017-06-29T18:02:12.421Z,0.87,-100,run,0,0,0,255,30.94,24.67,-1.7,-1,1144.34,0
2017-06-29T18:02:13.428Z,0.87,-100,run,0,0,0,255,30.94,24.67,-1.7,-1,1144.34,0
2017-06-29T18:02:14.438Z,0.87,-100,run,0,0,0,255,30.94,24.67,-1.7,-1,1144.34,0
2017-06-29T18:02:15.443Z,0.87,-100,run,0,0,0,255,30.94,24.67,-1.7,-1,1144.34,0
2017-06-29T18:02:16.454Z,0.87,-100,run,0,0,0,255,30.94,24.67,-1.7,-1,1144.34,0
2017-06-29T18:02:17.463Z,0.87,-100,run,0,0,0,255,30.94,24.67,-1.7,-1,1144.34,0
2017-06-29T18:02:18.471Z,0.87,-100,run,0,0,0,255,30.94,24.67,-1.7,-1,1144.34,0
2017-06-29T18:02:19.479Z,0.87,-100,run,0,0,0,255,30.94,24.67,-1.7,-1,1144.34,0
2017-06-29T18:02:20.486Z,0.87,-100,run,0,0,0,255,30.94,24.67,-1.7,-1,1144.34,0
2017-06-29T18:02:21.495Z,0.87,-100,run,0,0,0,255,30.94,24.67,-1.7,-1,1144.34,0
2017-06-29T18:02:22.503Z,0.87,-100,run,0,0,0,255,30.94,24.67,-1.7,-1,1144.34,0
2017-06-29T18:02:23.511Z,0.87,-100,run,0,0,0,255,30.94,24.67,-1.7,-1,1144.34,0
2017-06-29T18:02:24.522Z,0.87,-100,run,0,0,0,255,30.94,24.67,-1.7,-1,1144.34,0
2017-06-29T18:02:25.531Z,0.87,-100,run,0,0,0,255,30.94,24.67,-1.7,-1,1144.34,0
2017-06-29T18:02:26.538Z,0.87,-100,run,0,0,0,255,30.94,24.67,-1.7,-1,1144.34,0
2017-06-29T18:02:27.558Z,0.87,-100,run,0,0,0,255,30.94,24.67,-1.7,-1,1144.34,0
2017-06-29T18:02:28.566Z,0.87,-100,run,0,0,0,255,30.94,24.67,-1.7,-1,1144.34,0
2017-06-29T18:02:29.572Z,0.87,-100,run,0,0,0,255,30.94,24.67,-1.7,-1,1144.34,0
2017-06-29T18:02:30.580Z,0.87,-100,run,0,0,0,255,30.94,24.67,-1.7,-1,1144.34,0
2017-06-29T18:02:31.602Z,0.87,-100,run,0,0,0,255,30.94,24.67,-1.7,-1,1144.34,0
